Date;Competition Name;Home team;Opponent;Away team;Minute;Score Home Team - When Messi Scored;Score Away Team - When Messi Scored;Goal Type;Goal Method;Final Game Result
samedi 16 février 2019;Liga;FC Barcelona;Real Valladolid;Real Valladolid;43;1;0;Penalty;Left foot;Won
dimanche 13 janvier 2019;Liga;FC Barcelona;Eibar;Eibar;53;2;0;Field goal;Left foot;Won
samedi 22 décembre 2018;Liga;FC Barcelona;Celta de Vigo;Celta de Vigo;45;2;0;Field goal;Left foot;Won
samedi 20 octobre 2018;Liga;FC Barcelona;Sevilla;Sevilla;12;2;0;Field goal;Left foot;Won
dimanche 23 septembre 2018;Liga;FC Barcelona;Girona;Girona;19;1;0;Field goal;Left foot;Draw
samedi 18 août 2018;Liga;FC Barcelona;Alavés;Alavés;90+2;3;0;Field goal;Left foot;Won
samedi 18 août 2018;Liga;FC Barcelona;Alavés;Alavés;64;1;0;Free kick;Left foot;Won
mercredi 9 mai 2018;Liga;FC Barcelona;Villarreal;Villarreal;45;3;0;Field goal;Left foot;Won
samedi 7 avril 2018;Liga;FC Barcelona;Leganés;Leganés;32;2;0;Field goal;Left foot;Won
samedi 7 avril 2018;Liga;FC Barcelona;Leganés;Leganés;27;1;0;Free kick;Left foot;Won
dimanche 18 mars 2018;Liga;FC Barcelona;Athletic de Bilbao;Athletic de Bilbao;30;2;0;Field goal;Left foot;Won
dimanche 4 mars 2018;Liga;FC Barcelona;Atlético Madrid;Atlético Madrid;26;1;0;Free kick;Left foot;Won
dimanche 7 janvier 2018;Liga;FC Barcelona;Levante;Levante;12;1;0;Field goal;Left foot;Won
dimanche 1 octobre 2017;Liga;FC Barcelona;Las Palmas;Las Palmas;77;3;0;Field goal;Left foot;Won
dimanche 1 octobre 2017;Liga;FC Barcelona;Las Palmas;Las Palmas;71;2;0;Field goal;Left foot;Won
mardi 19 septembre 2017;Liga;FC Barcelona;Eibar;Eibar;20;1;0;Penalty;Left foot;Won
samedi 9 septembre 2017;Liga;FC Barcelona;Espanyol;Espanyol;67;3;0;Field goal;Left foot;Won
samedi 9 septembre 2017;Liga;FC Barcelona;Espanyol;Espanyol;26;1;0;Field goal;Left foot;Won
mercredi 26 avril 2017;Liga;FC Barcelona;Osasuna;Osasuna;12;1;0;Field goal;Left foot;Won
samedi 15 avril 2017;Liga;FC Barcelona;Real Sociedad;Real Sociedad;37;2;0;Rebound;Left foot;Won
samedi 15 avril 2017;Liga;FC Barcelona;Real Sociedad;Real Sociedad;17;1;0;Field goal;Left foot;Won
mercredi 5 avril 2017;Liga;FC Barcelona;Sevilla;Sevilla;33;3;0;Field goal;Left foot;Won
samedi 4 mars 2017;Liga;FC Barcelona;Celta de Vigo;Celta de Vigo;64;5;0;Solo run;Left foot;Won
samedi 4 mars 2017;Liga;FC Barcelona;Celta de Vigo;Celta de Vigo;24;1;0;Solo run;Left foot;Won
samedi 4 février 2017;Liga;FC Barcelona;Athletic de Bilbao;Athletic de Bilbao;40;2;0;Free kick;Left foot;Won
samedi 15 octobre 2016;Liga;FC Barcelona;Deportivo La Coruña;Deportivo La Coruña;58;4;0;Field goal;Left foot;Won
dimanche 8 mai 2016;Liga;FC Barcelona;Espanyol;Espanyol;8;1;0;Free kick;Left foot;Won
samedi 12 mars 2016;Liga;FC Barcelona;Getafe;Getafe;40;4;0;Field goal;Left foot;Won
dimanche 14 février 2016;Liga;FC Barcelona;Celta de Vigo;Celta de Vigo;28;1;0;Free kick;Left foot;Won
dimanche 17 janvier 2016;Liga;FC Barcelona;Athletic de Bilbao;Athletic de Bilbao;7;1;0;Penalty;Left foot;Won
samedi 9 janvier 2016;Liga;FC Barcelona;Granada;Granada;58;3;0;Rebound;Left foot;Won
samedi 9 janvier 2016;Liga;FC Barcelona;Granada;Granada;14;2;0;Field goal;Left foot;Won
samedi 9 janvier 2016;Liga;FC Barcelona;Granada;Granada;8;1;0;Field goal;Left foot;Won
samedi 12 décembre 2015;Liga;FC Barcelona;Deportivo La Coruña;Deportivo La Coruña;39;1;0;Free kick;Left foot;Draw
samedi 28 novembre 2015;Liga;FC Barcelona;Real Sociedad;Real Sociedad;90+1;4;0;Field goal;Left foot;Won
dimanche 20 septembre 2015;Liga;FC Barcelona;Levante;Levante;61;3;0;Penalty;Left foot;Won
mardi 28 avril 2015;Liga;FC Barcelona;Getafe;Getafe;47;6;0;;Left foot;Won
mardi 28 avril 2015;Liga;FC Barcelona;Getafe;Getafe;9;1;0;Penalty;Left foot;Won
samedi 18 avril 2015;Liga;FC Barcelona;Valencia;Valencia;90+4;2;0;Rebound;Left foot;Won
mercredi 8 avril 2015;Liga;FC Barcelona;UD Almería;UD Almería;33;1;0;Solo run;Left foot;Won
dimanche 8 mars 2015;Liga;FC Barcelona;Rayo Vallecano;Rayo Vallecano;68;5;0;;Left foot;Won
dimanche 8 mars 2015;Liga;FC Barcelona;Rayo Vallecano;Rayo Vallecano;63;4;0;Rebound;Left foot;Won
dimanche 8 mars 2015;Liga;FC Barcelona;Rayo Vallecano;Rayo Vallecano;56;3;0;Penalty;Left foot;Won
dimanche 15 février 2015;Liga;FC Barcelona;Levante;Levante;65;4;0;Penalty;Left foot;Won
samedi 22 novembre 2014;Liga;FC Barcelona;Sevilla;Sevilla;21;1;0;Free kick;Left foot;Won
samedi 18 octobre 2014;Liga;FC Barcelona;Eibar;Eibar;74;3;0;;Left foot;Won
dimanche 24 août 2014;Liga;FC Barcelona;Elche;Elche;63;3;0;;Left foot;Won
dimanche 24 août 2014;Liga;FC Barcelona;Elche;Elche;42;1;0;;Left foot;Won
samedi 3 mai 2014;Liga;FC Barcelona;Getafe;Getafe;23;1;0;;Left foot;Draw
samedi 5 avril 2014;Liga;FC Barcelona;Real Betis;Real Betis;15;1;0;Penalty;Left foot;Won
dimanche 16 mars 2014;Liga;FC Barcelona;Osasuna;Osasuna;63;4;0;;Left foot;Won
dimanche 16 mars 2014;Liga;FC Barcelona;Osasuna;Osasuna;18;1;0;;Left foot;Won
dimanche 2 mars 2014;Liga;FC Barcelona;UD Almería;UD Almería;24;2;0;Free kick;Left foot;Won
samedi 15 février 2014;Liga;FC Barcelona;Rayo Vallecano;Rayo Vallecano;68;5;0;;Left foot;Won
samedi 15 février 2014;Liga;FC Barcelona;Rayo Vallecano;Rayo Vallecano;36;2;0;;Left foot;Won
samedi 14 septembre 2013;Liga;FC Barcelona;Sevilla;Sevilla;75;2;0;;Left foot;Won
dimanche 18 août 2013;Liga;FC Barcelona;Levante;Levante;42;5;0;Penalty;Left foot;Won
dimanche 18 août 2013;Liga;FC Barcelona;Levante;Levante;12;2;0;;Left foot;Won
dimanche 17 mars 2013;Liga;FC Barcelona;Rayo Vallecano;Rayo Vallecano;57;3;0;;Left foot;Won
dimanche 17 mars 2013;Liga;FC Barcelona;Rayo Vallecano;Rayo Vallecano;40;2;0;;Left foot;Won
samedi 9 mars 2013;Liga;FC Barcelona;Deportivo La Coruña;Deportivo La Coruña;88;2;0;;Left foot;Won
dimanche 10 février 2013;Liga;FC Barcelona;Getafe;Getafe;13;2;0;;Left foot;Won
dimanche 6 janvier 2013;Liga;FC Barcelona;Espanyol;Espanyol;29;4;0;Penalty;Left foot;Won
samedi 1 décembre 2012;Liga;FC Barcelona;Athletic de Bilbao;Athletic de Bilbao;25;2;0;;Left foot;Won
samedi 17 novembre 2012;Liga;FC Barcelona;Real Zaragoza;Real Zaragoza;16;1;0;;Left foot;Won
samedi 5 mai 2012;Liga;FC Barcelona;Espanyol;Espanyol;79;4;0;Penalty;Left foot;Won
samedi 5 mai 2012;Liga;FC Barcelona;Espanyol;Espanyol;74;3;0;;Left foot;Won
samedi 5 mai 2012;Liga;FC Barcelona;Espanyol;Espanyol;64;2;0;Penalty;Left foot;Won
samedi 5 mai 2012;Liga;FC Barcelona;Espanyol;Espanyol;12;1;0;Free kick;Left foot;Won
mardi 10 avril 2012;Liga;FC Barcelona;Getafe;Getafe;44;2;0;;Left foot;Won
samedi 31 mars 2012;Liga;FC Barcelona;Athletic de Bilbao;Athletic de Bilbao;58;2;0;Penalty;Left foot;Won
mardi 20 mars 2012;Liga;FC Barcelona;Granada;Granada;17;2;0;Field goal;Left foot;Won
samedi 4 février 2012;Liga;FC Barcelona;Real Sociedad;Real Sociedad;72;2;0;;Left foot;Won
dimanche 15 janvier 2012;Liga;FC Barcelona;Real Betis;Real Betis;12;2;0;;Left foot;Won
samedi 3 décembre 2011;Liga;FC Barcelona;Levante;Levante;55;4;0;;Left foot;Won
mardi 29 novembre 2011;Liga;FC Barcelona;Rayo Vallecano;Rayo Vallecano;50;4;0;;Left foot;Won
samedi 29 octobre 2011;Liga;FC Barcelona;Real Mallorca;Real Mallorca;30;3;0;;Left foot;Won
samedi 29 octobre 2011;Liga;FC Barcelona;Real Mallorca;Real Mallorca;13;1;0;Penalty;Left foot;Won
samedi 24 septembre 2011;Liga;FC Barcelona;Atlético Madrid;Atlético Madrid;90+1;5;0;;Left foot;Won
samedi 24 septembre 2011;Liga;FC Barcelona;Atlético Madrid;Atlético Madrid;78;4;0;;Left foot;Won
samedi 24 septembre 2011;Liga;FC Barcelona;Atlético Madrid;Atlético Madrid;26;3;0;;Left foot;Won
samedi 17 septembre 2011;Liga;FC Barcelona;Osasuna;Osasuna;79;8;0;;Left foot;Won
samedi 17 septembre 2011;Liga;FC Barcelona;Osasuna;Osasuna;41;5;0;;Left foot;Won
samedi 17 septembre 2011;Liga;FC Barcelona;Osasuna;Osasuna;5;1;0;;Left foot;Won
lundi 29 août 2011;Liga;FC Barcelona;Villarreal;Villarreal;75;5;0;;Left foot;Won
samedi 5 février 2011;Liga;FC Barcelona;Atlético Madrid;Atlético Madrid;79;3;0;Rebound;Left foot;Won
samedi 5 février 2011;Liga;FC Barcelona;Atlético Madrid;Atlético Madrid;28;2;0;;Left foot;Won
samedi 5 février 2011;Liga;FC Barcelona;Atlético Madrid;Atlético Madrid;17;1;0;;Left foot;Won
samedi 22 janvier 2011;Liga;FC Barcelona;Racing Santander;Racing Santander;33;2;0;Penalty;Left foot;Won
dimanche 12 décembre 2010;Liga;FC Barcelona;Real Sociedad;Real Sociedad;87;4;0;Solo run;Left foot;Won
dimanche 12 décembre 2010;Liga;FC Barcelona;Real Sociedad;Real Sociedad;47;3;0;;Left foot;Won
samedi 30 octobre 2010;Liga;FC Barcelona;Sevilla;Sevilla;64;4;0;Solo run;Left foot;Won
samedi 30 octobre 2010;Liga;FC Barcelona;Sevilla;Sevilla;4;1;0;Rebound;Left foot;Won
dimanche 3 octobre 2010;Liga;FC Barcelona;Real Mallorca;Real Mallorca;21;1;0;;Left foot;Draw
dimanche 16 mai 2010;Liga;FC Barcelona;Real Valladolid;Real Valladolid;76;4;0;;Left foot;Won
samedi 3 avril 2010;Liga;FC Barcelona;Athletic de Bilbao;Athletic de Bilbao;67;4;0;;Left foot;Won
dimanche 14 mars 2010;Liga;FC Barcelona;Valencia;Valencia;81;2;0;;Left foot;Won
dimanche 14 mars 2010;Liga;FC Barcelona;Valencia;Valencia;56;1;0;;Left foot;Won
samedi 6 février 2010;Liga;FC Barcelona;Getafe;Getafe;7;1;0;;Left foot;Won
samedi 16 janvier 2010;Liga;FC Barcelona;Sevilla;Sevilla;90+1;4;0;;Left foot;Won
samedi 16 janvier 2010;Liga;FC Barcelona;Sevilla;Sevilla;85;3;0;;Left foot;Won
samedi 19 septembre 2009;Liga;FC Barcelona;Atlético Madrid;Atlético Madrid;16;2;0;;Left foot;Won
samedi 7 mars 2009;Liga;FC Barcelona;Athletic de Bilbao;Athletic de Bilbao;32;2;0;Penalty;Left foot;Won
samedi 24 janvier 2009;Liga;FC Barcelona;Numancia;Numancia;49;1;0;;Left foot;Won
samedi 17 janvier 2009;Liga;FC Barcelona;Deportivo La Coruña;Deportivo La Coruña;21;1;0;;Left foot;Won
samedi 13 décembre 2008;Liga;FC Barcelona;Real Madrid;Real Madrid;90+1;2;0;;Left foot;Won
samedi 4 octobre 2008;Liga;FC Barcelona;Atlético Madrid;Atlético Madrid;9;3;0;Free kick;Left foot;Won
samedi 13 septembre 2008;Liga;FC Barcelona;Racing Santander;Racing Santander;71;1;0;Penalty;Left foot;Draw
dimanche 4 mai 2008;Liga;FC Barcelona;Valencia;Valencia;6;1;0;Penalty;Left foot;Won
samedi 24 novembre 2007;Liga;FC Barcelona;Recreativo Huelva;Recreativo Huelva;82;3;0;Penalty;Left foot;Won
dimanche 28 octobre 2007;Liga;FC Barcelona;UD Almería;UD Almería;81;2;0;Penalty;Left foot;Won
dimanche 7 octobre 2007;Liga;FC Barcelona;Atlético Madrid;Atlético Madrid;19;2;0;;Left foot;Won
mercredi 26 septembre 2007;Liga;FC Barcelona;Real Zaragoza;Real Zaragoza;5;1;0;;Left foot;Won
samedi 22 septembre 2007;Liga;FC Barcelona;Sevilla;Sevilla;80;2;0;Penalty;Left foot;Won
samedi 22 septembre 2007;Liga;FC Barcelona;Sevilla;Sevilla;74;1;0;;Left foot;Won
samedi 31 mars 2007;Liga;FC Barcelona;Deportivo La Coruña;Deportivo La Coruña;45;1;0;;Left foot;Won
samedi 9 septembre 2006;Liga;FC Barcelona;Osasuna;Osasuna;37;3;0;;Left foot;Won
dimanche 22 janvier 2006;Liga;FC Barcelona;Alavés;Alavés;81;2;0;Rebound;Left foot;Won
dimanche 27 novembre 2005;Liga;FC Barcelona;Racing Santander;Racing Santander;52;2;0;;Left foot;Won
dimanche 1 mai 2005;Liga;FC Barcelona;Albacete;Albacete;90;2;0;;Left foot;Won
samedi 9 mars 2019;Liga;FC Barcelona;Rayo Vallecano;Rayo Vallecano;51;2;1;Penalty;Left foot;Won
samedi 2 février 2019;Liga;FC Barcelona;Valencia;Valencia;64;2;2;Field goal;Left foot;Draw
samedi 2 février 2019;Liga;FC Barcelona;Valencia;Valencia;39;1;2;Penalty;Left foot;Draw
dimanche 11 novembre 2018;Liga;FC Barcelona;Real Betis;Real Betis;90+2;3;4;Field goal;Left foot;Lost
dimanche 11 novembre 2018;Liga;FC Barcelona;Real Betis;Real Betis;68;1;2;Penalty;Left foot;Lost
dimanche 2 septembre 2018;Liga;FC Barcelona;Huesca;Huesca;61;6;2;Field goal;Left foot;Won
dimanche 6 mai 2018;Liga;FC Barcelona;Real Madrid;Real Madrid;52;2;1;Field goal;Left foot;Draw
samedi 7 avril 2018;Liga;FC Barcelona;Leganés;Leganés;87;3;1;Field goal;Left foot;Won
samedi 24 février 2018;Liga;FC Barcelona;Girona;Girona;36;3;1;Free kick;Left foot;Won
samedi 24 février 2018;Liga;FC Barcelona;Girona;Girona;30;2;1;Field goal;Left foot;Won
dimanche 28 janvier 2018;Liga;FC Barcelona;Alavés;Alavés;84;2;1;Free kick;Left foot;Won
samedi 2 décembre 2017;Liga;FC Barcelona;Celta de Vigo;Celta de Vigo;22;1;1;Field goal;Left foot;Draw
mardi 19 septembre 2017;Liga;FC Barcelona;Eibar;Eibar;87;6;1;Field goal;Left foot;Won
mardi 19 septembre 2017;Liga;FC Barcelona;Eibar;Eibar;62;5;1;Field goal;Left foot;Won
mardi 19 septembre 2017;Liga;FC Barcelona;Eibar;Eibar;59;4;1;Field goal;Left foot;Won
dimanche 21 mai 2017;Liga;FC Barcelona;Eibar;Eibar;76;3;2;Penalty;Left foot;Won
samedi 6 mai 2017;Liga;FC Barcelona;Villarreal;Villarreal;82;4;1;Penalty;Left foot;Won
samedi 6 mai 2017;Liga;FC Barcelona;Villarreal;Villarreal;45;2;1;Field goal;Left foot;Won
mercredi 26 avril 2017;Liga;FC Barcelona;Osasuna;Osasuna;61;4;1;Field goal;Left foot;Won
dimanche 19 mars 2017;Liga;FC Barcelona;Valencia;Valencia;45;2;1;Penalty;Left foot;Won
dimanche 19 février 2017;Liga;FC Barcelona;Leganés;Leganés;89;2;1;Penalty;Left foot;Won
dimanche 18 décembre 2016;Liga;FC Barcelona;Espanyol;Espanyol;90;4;1;Field goal;Left foot;Won
samedi 20 août 2016;Liga;FC Barcelona;Real Betis;Real Betis;57;5;1;Field goal;Left foot;Won
samedi 20 août 2016;Liga;FC Barcelona;Real Betis;Real Betis;37;2;1;Field goal;Left foot;Won
dimanche 28 février 2016;Liga;FC Barcelona;Sevilla;Sevilla;31;1;1;Free kick;Left foot;Won
samedi 30 janvier 2016;Liga;FC Barcelona;Atlético Madrid;Atlético Madrid;30;1;1;Field goal;Left foot;Won
dimanche 20 septembre 2015;Liga;FC Barcelona;Levante;Levante;90;4;1;Solo run;Left foot;Won
dimanche 11 janvier 2015;Liga;FC Barcelona;Atlético Madrid;Atlético Madrid;87;3;1;;Left foot;Won
dimanche 7 décembre 2014;Liga;FC Barcelona;Espanyol;Espanyol;45;1;1;;Left foot;Won
samedi 22 novembre 2014;Liga;FC Barcelona;Sevilla;Sevilla;78;5;1;;Left foot;Won
dimanche 20 avril 2014;Liga;FC Barcelona;Athletic de Bilbao;Athletic de Bilbao;74;2;1;Free kick;Left foot;Won
samedi 1 février 2014;Liga;FC Barcelona;Valencia;Valencia;54;2;2;Penalty;Left foot;Lost
dimanche 5 mai 2013;Liga;FC Barcelona;Real Betis;Real Betis;71;4;2;;Left foot;Won
dimanche 5 mai 2013;Liga;FC Barcelona;Real Betis;Real Betis;60;3;2;Free kick;Left foot;Won
samedi 23 février 2013;Liga;FC Barcelona;Sevilla;Sevilla;60;2;1;;Left foot;Won
dimanche 27 janvier 2013;Liga;FC Barcelona;Osasuna;Osasuna;58;5;1;;Left foot;Won
dimanche 27 janvier 2013;Liga;FC Barcelona;Osasuna;Osasuna;56;4;1;;Left foot;Won
dimanche 27 janvier 2013;Liga;FC Barcelona;Osasuna;Osasuna;28;2;1;Penalty;Left foot;Won
dimanche 16 décembre 2012;Liga;FC Barcelona;Atlético Madrid;Atlético Madrid;88;4;1;;Left foot;Won
dimanche 16 décembre 2012;Liga;FC Barcelona;Atlético Madrid;Atlético Madrid;57;3;1;;Left foot;Won
samedi 17 novembre 2012;Liga;FC Barcelona;Real Zaragoza;Real Zaragoza;60;3;1;;Left foot;Won
dimanche 7 octobre 2012;Liga;FC Barcelona;Real Madrid;Real Madrid;61;2;1;Free kick;Left foot;Draw
dimanche 7 octobre 2012;Liga;FC Barcelona;Real Madrid;Real Madrid;31;1;1;;Left foot;Draw
dimanche 19 août 2012;Liga;FC Barcelona;Real Sociedad;Real Sociedad;16;3;1;;Left foot;Won
dimanche 19 août 2012;Liga;FC Barcelona;Real Sociedad;Real Sociedad;11;2;1;;Left foot;Won
mercredi 2 mai 2012;Liga;FC Barcelona;Málaga;Málaga;64;4;1;;Left foot;Won
mercredi 2 mai 2012;Liga;FC Barcelona;Málaga;Málaga;59;3;1;Penalty;Left foot;Won
mercredi 2 mai 2012;Liga;FC Barcelona;Málaga;Málaga;35;2;1;Penalty;Left foot;Won
mardi 20 mars 2012;Liga;FC Barcelona;Granada;Granada;86;5;2;Field goal;Left foot;Won
mardi 20 mars 2012;Liga;FC Barcelona;Granada;Granada;67;3;2;Field goal;Left foot;Won
dimanche 19 février 2012;Liga;FC Barcelona;Valencia;Valencia;85;4;1;;Left foot;Won
dimanche 19 février 2012;Liga;FC Barcelona;Valencia;Valencia;76;3;1;Rebound;Left foot;Won
dimanche 19 février 2012;Liga;FC Barcelona;Valencia;Valencia;27;2;1;Rebound;Left foot;Won
dimanche 19 février 2012;Liga;FC Barcelona;Valencia;Valencia;22;1;1;;Left foot;Won
dimanche 15 janvier 2012;Liga;FC Barcelona;Real Betis;Real Betis;86;4;2;Penalty;Left foot;Won
samedi 9 avril 2011;Liga;FC Barcelona;UD Almería;UD Almería;90+2;3;1;;Left foot;Won
samedi 9 avril 2011;Liga;FC Barcelona;UD Almería;UD Almería;53;1;1;Penalty;Left foot;Won
samedi 13 novembre 2010;Liga;FC Barcelona;Villarreal;Villarreal;83;3;1;;Left foot;Won
samedi 7 novembre 2009;Liga;FC Barcelona;Real Mallorca;Real Mallorca;87;4;1;Penalty;Left foot;Won
dimanche 25 octobre 2009;Liga;FC Barcelona;Real Zaragoza;Real Zaragoza;80;5;1;Field goal;Left foot;Won
dimanche 24 février 2008;Liga;FC Barcelona;Levante;Levante;44;2;1;;Left foot;Won
mercredi 26 septembre 2007;Liga;FC Barcelona;Real Zaragoza;Real Zaragoza;11;2;1;;Left foot;Won
samedi 10 mars 2007;Liga;FC Barcelona;Real Madrid;Real Madrid;90;3;3;;Left foot;Draw
samedi 10 mars 2007;Liga;FC Barcelona;Real Madrid;Real Madrid;28;2;2;Rebound;Left foot;Draw
samedi 10 mars 2007;Liga;FC Barcelona;Real Madrid;Real Madrid;11;1;1;;Left foot;Draw
samedi 18 février 2006;Liga;FC Barcelona;Real Betis;Real Betis;85;5;1;Rebound;Left foot;Won
dimanche 15 janvier 2006;Liga;FC Barcelona;Athletic de Bilbao;Athletic de Bilbao;51;2;1;Rebound;Left foot;Won
dimanche 20 janvier 2019;Liga;FC Barcelona;Leganés;Leganés;90+2;3;1;Field goal;Right foot;Won
dimanche 2 septembre 2018;Liga;FC Barcelona;Huesca;Huesca;16;1;1;Field goal;Right foot;Won
samedi 9 septembre 2017;Liga;FC Barcelona;Espanyol;Espanyol;35;2;0;Field goal;Right foot;Won
dimanche 21 mai 2017;Liga;FC Barcelona;Eibar;Eibar;90+2;4;2;Solo run;Right foot;Won
mercredi 5 avril 2017;Liga;FC Barcelona;Sevilla;Sevilla;28;2;0;Field goal;Right foot;Won
dimanche 19 mars 2017;Liga;FC Barcelona;Valencia;Valencia;53;3;2;Field goal;Right foot;Won
mercredi 1 mars 2017;Liga;FC Barcelona;Sporting Gijón;Sporting Gijón;9;1;0;Field goal;Head;Won
dimanche 19 février 2017;Liga;FC Barcelona;Leganés;Leganés;4;1;0;Field goal;Right foot;Won
samedi 14 janvier 2017;Liga;FC Barcelona;Las Palmas;Las Palmas;52;2;0;Rebound;Right foot;Won
samedi 23 avril 2016;Liga;FC Barcelona;Sporting Gijón;Sporting Gijón;12;1;0;Rebound;Head;Won
dimanche 17 avril 2016;Liga;FC Barcelona;Valencia;Valencia;63;1;2;Field goal;Right foot;Lost
mercredi 30 décembre 2015;Liga;FC Barcelona;Real Betis;Real Betis;33;2;0;Field goal;Right foot;Won
samedi 23 mai 2015;Liga;FC Barcelona;Deportivo La Coruña;Deportivo La Coruña;59;2;0;;Right foot;Draw
samedi 23 mai 2015;Liga;FC Barcelona;Deportivo La Coruña;Deportivo La Coruña;5;1;0;;Head;Draw
dimanche 15 février 2015;Liga;FC Barcelona;Levante;Levante;59;3;0;;Right foot;Won
dimanche 15 février 2015;Liga;FC Barcelona;Levante;Levante;38;2;0;;Right foot;Won
dimanche 1 février 2015;Liga;FC Barcelona;Villarreal;Villarreal;55;3;2;;Right foot;Won
samedi 20 décembre 2014;Liga;FC Barcelona;Córdoba;Córdoba;90+1;5;0;;Right foot;Won
samedi 20 décembre 2014;Liga;FC Barcelona;Córdoba;Córdoba;82;4;0;;Right foot;Won
dimanche 7 décembre 2014;Liga;FC Barcelona;Espanyol;Espanyol;81;5;1;;Right foot;Won
dimanche 7 décembre 2014;Liga;FC Barcelona;Espanyol;Espanyol;50;2;1;;Right foot;Won
samedi 22 novembre 2014;Liga;FC Barcelona;Sevilla;Sevilla;72;4;1;;Right foot;Won
samedi 27 septembre 2014;Liga;FC Barcelona;Granada;Granada;82;6;0;;Right foot;Won
samedi 27 septembre 2014;Liga;FC Barcelona;Granada;Granada;62;4;0;;Head;Won
samedi 5 avril 2014;Liga;FC Barcelona;Real Betis;Real Betis;86;3;1;Rebound;Right foot;Won
mercredi 26 mars 2014;Liga;FC Barcelona;Celta de Vigo;Celta de Vigo;30;2;0;;Right foot;Won
dimanche 16 mars 2014;Liga;FC Barcelona;Osasuna;Osasuna;88;6;0;;Right foot;Won
mardi 24 septembre 2013;Liga;FC Barcelona;Real Sociedad;Real Sociedad;8;2;0;;Head;Won
dimanche 27 janvier 2013;Liga;FC Barcelona;Osasuna;Osasuna;11;1;0;;Right foot;Won
samedi 1 décembre 2012;Liga;FC Barcelona;Athletic de Bilbao;Athletic de Bilbao;70;5;1;;Right foot;Won
samedi 19 novembre 2011;Liga;FC Barcelona;Real Zaragoza;Real Zaragoza;43;2;0;;Right foot;Won
samedi 29 octobre 2011;Liga;FC Barcelona;Real Mallorca;Real Mallorca;21;2;0;;Right foot;Won
samedi 15 octobre 2011;Liga;FC Barcelona;Racing Santander;Racing Santander;68;3;0;;Right foot;Won
samedi 15 octobre 2011;Liga;FC Barcelona;Racing Santander;Racing Santander;11;1;0;;Right foot;Won
lundi 29 août 2011;Liga;FC Barcelona;Villarreal;Villarreal;52;4;0;;Right foot;Won
samedi 23 avril 2011;Liga;FC Barcelona;Osasuna;Osasuna;87;2;0;;Right foot;Won
dimanche 20 février 2011;Liga;FC Barcelona;Athletic de Bilbao;Athletic de Bilbao;78;2;1;;Right foot;Won
samedi 13 novembre 2010;Liga;FC Barcelona;Villarreal;Villarreal;58;2;1;;Right foot;Won
dimanche 16 mai 2010;Liga;FC Barcelona;Real Valladolid;Real Valladolid;62;3;0;;Right foot;Won
mardi 4 mai 2010;Liga;FC Barcelona;Tenerife;Tenerife;90+3;4;1;;Right foot;Won
mardi 4 mai 2010;Liga;FC Barcelona;Tenerife;Tenerife;17;1;0;;Right foot;Won
dimanche 14 mars 2010;Liga;FC Barcelona;Valencia;Valencia;83;3;0;;Right foot;Won
samedi 27 février 2010;Liga;FC Barcelona;Málaga;Málaga;84;2;1;Field goal;Right foot;Won
samedi 19 septembre 2009;Liga;FC Barcelona;Atlético Madrid;Atlético Madrid;90+4;5;2;;Right foot;Won
dimanche 22 mars 2009;Liga;FC Barcelona;Málaga;Málaga;25;2;0;;Right foot;Won
samedi 24 janvier 2009;Liga;FC Barcelona;Numancia;Numancia;76;4;1;Rebound;Right foot;Won
samedi 9 juin 2007;Liga;FC Barcelona;Espanyol;Espanyol;57;2;1;;Right foot;Draw
samedi 9 juin 2007;Liga;FC Barcelona;Espanyol;Espanyol;43;1;1;;Hand;Draw
dimanche 15 octobre 2006;Liga;FC Barcelona;Sevilla;Sevilla;81;3;1;;Right foot;Won
mardi 18 septembre 2018;Champions League;FC Barcelona;PSV Eindhoven;PSV Eindhoven;87;4;0;Field goal;Right foot;Won
mercredi 14 mars 2018;Champions League;FC Barcelona;Chelsea;Chelsea;3;1;0;Field goal;Right foot;Won
mercredi 17 août 2016;;FC Barcelona;Sevilla;Sevilla;55;3;0;Field goal;Head;Won
mercredi 6 mai 2015;Champions League;FC Barcelona;Bayern München;Bayern München;80;2;0;;Right foot;Won
mercredi 10 décembre 2014;Champions League;FC Barcelona;Paris Saint-Germain;Paris Saint-Germain;19;1;1;;Right foot;Won
mercredi 19 septembre 2012;Champions League;FC Barcelona;Spartak Moscow;Spartak Moscow;80;3;2;;Head;Won
mercredi 7 mars 2012;Champions League;FC Barcelona;Bayer Leverkusen;Bayer Leverkusen;49;3;0;;Right foot;Won
mercredi 4 janvier 2012;;FC Barcelona;Osasuna;Osasuna;73;3;0;;Head;Won
mercredi 17 août 2011;;FC Barcelona;Real Madrid;Real Madrid;45;2;1;Field goal;Right foot;Won
samedi 21 août 2010;;FC Barcelona;Sevilla;Sevilla;43;3;0;;Right foot;Won
mardi 6 avril 2010;Champions League;FC Barcelona;Arsenal;Arsenal;37;2;1;;Right foot;Won
dimanche 23 août 2009;;FC Barcelona;Athletic de Bilbao;Athletic de Bilbao;50;1;0;;Right foot;Won
mercredi 27 mai 2009;Champions League;FC Barcelona;Manchester United;Manchester United;70;2;0;;Head;Won
mercredi 8 avril 2009;Champions League;FC Barcelona;Bayern München;Bayern München;38;3;0;;Right foot;Won
mercredi 18 avril 2007;;FC Barcelona;Getafe;Getafe;29;2;0;Solo run;Right foot;Won
mercredi 1 février 2006;;FC Barcelona;Real Zaragoza;Real Zaragoza;42;1;0;Field goal;Head;Won
mercredi 30 janvier 2019;;FC Barcelona;Sevilla;Sevilla;90+2;6;1;Field goal;Left foot;Won
jeudi 17 janvier 2019;;FC Barcelona;Levante;Levante;54;3;0;Field goal;Left foot;Won
mardi 18 septembre 2018;Champions League;FC Barcelona;PSV Eindhoven;PSV Eindhoven;77;3;0;Field goal;Left foot;Won
mardi 18 septembre 2018;Champions League;FC Barcelona;PSV Eindhoven;PSV Eindhoven;32;1;0;Free kick;Left foot;Won
mercredi 14 mars 2018;Champions League;FC Barcelona;Chelsea;Chelsea;63;3;0;Field goal;Left foot;Won
jeudi 25 janvier 2018;;FC Barcelona;Espanyol;Espanyol;25;2;0;Field goal;Left foot;Won
jeudi 11 janvier 2018;;FC Barcelona;Celta de Vigo;Celta de Vigo;15;2;0;Field goal;Left foot;Won
jeudi 11 janvier 2018;;FC Barcelona;Celta de Vigo;Celta de Vigo;13;1;0;Field goal;Left foot;Won
mercredi 18 octobre 2017;Champions League;FC Barcelona;Olympiacos;Olympiacos;61;2;0;Free kick;Left foot;Won
mardi 12 septembre 2017;Champions League;FC Barcelona;Juventus;Juventus;69;3;0;Field goal;Left foot;Won
mardi 12 septembre 2017;Champions League;FC Barcelona;Juventus;Juventus;45;1;0;Field goal;Left foot;Won
dimanche 13 août 2017;;FC Barcelona;Real Madrid;Real Madrid;76;1;1;Penalty;Left foot;Lost
samedi 27 mai 2017;;FC Barcelona;Alavés;Alavés;30;1;0;Field goal;Left foot;Won
mercredi 8 mars 2017;Champions League;FC Barcelona;Paris Saint-Germain;Paris Saint-Germain;50;3;0;Penalty;Left foot;Won
jeudi 26 janvier 2017;;FC Barcelona;Real Sociedad;Real Sociedad;55;2;0;Penalty;Left foot;Won
mercredi 11 janvier 2017;;FC Barcelona;Athletic de Bilbao;Athletic de Bilbao;78;3;1;Free kick;Left foot;Won
mardi 6 décembre 2016;Champions League;FC Barcelona;Borussia Mönchengladbach;Borussia Mönchengladbach;16;1;0;Field goal;Left foot;Won
mercredi 19 octobre 2016;Champions League;FC Barcelona;Manchester City;Manchester City;69;3;0;Field goal;Left foot;Won
mercredi 19 octobre 2016;Champions League;FC Barcelona;Manchester City;Manchester City;61;2;0;Field goal;Left foot;Won
mercredi 19 octobre 2016;Champions League;FC Barcelona;Manchester City;Manchester City;17;1;0;Field goal;Left foot;Won
mardi 13 septembre 2016;Champions League;FC Barcelona;Celtic;Celtic;60;5;0;Field goal;Left foot;Won
mardi 13 septembre 2016;Champions League;FC Barcelona;Celtic;Celtic;27;2;0;Field goal;Left foot;Won
mardi 13 septembre 2016;Champions League;FC Barcelona;Celtic;Celtic;3;1;0;Field goal;Left foot;Won
mercredi 16 mars 2016;Champions League;FC Barcelona;Arsenal;Arsenal;88;3;1;Field goal;Left foot;Won
mercredi 3 février 2016;;FC Barcelona;Valencia;Valencia;74;5;0;Field goal;Left foot;Won
mercredi 3 février 2016;;FC Barcelona;Valencia;Valencia;58;4;0;Field goal;Left foot;Won
mercredi 3 février 2016;;FC Barcelona;Valencia;Valencia;29;3;0;Field goal;Left foot;Won
mercredi 6 janvier 2016;;FC Barcelona;Espanyol;Espanyol;44;2;1;Free kick;Left foot;Won
mercredi 6 janvier 2016;;FC Barcelona;Espanyol;Espanyol;13;1;1;Field goal;Left foot;Won
mardi 24 novembre 2015;Champions League;FC Barcelona;AS Roma;AS Roma;59;5;0;Rebound;Left foot;Won
mardi 24 novembre 2015;Champions League;FC Barcelona;AS Roma;AS Roma;18;2;0;Field goal;Left foot;Won
lundi 17 août 2015;;FC Barcelona;Athletic de Bilbao;Athletic de Bilbao;43;1;0;Field goal;Left foot;Draw
mardi 11 août 2015;;FC Barcelona;Sevilla;Sevilla;15;2;1;Free kick;Left foot;Won
mardi 11 août 2015;;FC Barcelona;Sevilla;Sevilla;7;1;1;Free kick;Left foot;Won
mercredi 6 mai 2015;Champions League;FC Barcelona;Bayern München;Bayern München;77;1;0;;Left foot;Won
mercredi 11 février 2015;;FC Barcelona;Villarreal;Villarreal;41;1;0;;Left foot;Won
mercredi 21 janvier 2015;;FC Barcelona;Atlético Madrid;Atlético Madrid;85;1;0;Rebound;Left foot;Won
jeudi 8 janvier 2015;;FC Barcelona;Elche;Elche;45;3;0;Penalty;Left foot;Won
mardi 21 octobre 2014;Champions League;FC Barcelona;Ajax;Ajax;24;2;0;;Left foot;Won
mercredi 12 mars 2014;Champions League;FC Barcelona;Manchester City;Manchester City;67;1;0;;Left foot;Won
mercredi 8 janvier 2014;;FC Barcelona;Getafe;Getafe;90+3;4;0;;Left foot;Won
mercredi 8 janvier 2014;;FC Barcelona;Getafe;Getafe;90;3;0;;Left foot;Won
mercredi 6 novembre 2013;Champions League;FC Barcelona;AC Milan;AC Milan;83;3;1;;Left foot;Won
mercredi 6 novembre 2013;Champions League;FC Barcelona;AC Milan;AC Milan;30;1;0;Penalty;Left foot;Won
mercredi 18 septembre 2013;Champions League;FC Barcelona;Ajax;Ajax;75;4;0;;Left foot;Won
mercredi 18 septembre 2013;Champions League;FC Barcelona;Ajax;Ajax;55;2;0;;Left foot;Won
mercredi 18 septembre 2013;Champions League;FC Barcelona;Ajax;Ajax;22;1;0;Free kick;Left foot;Won
mardi 12 mars 2013;Champions League;FC Barcelona;AC Milan;AC Milan;39;2;0;;Left foot;Won
mardi 12 mars 2013;Champions League;FC Barcelona;AC Milan;AC Milan;5;1;0;;Left foot;Won
mercredi 16 janvier 2013;;FC Barcelona;Málaga;Málaga;29;1;1;;Left foot;Draw
mercredi 19 septembre 2012;Champions League;FC Barcelona;Spartak Moscow;Spartak Moscow;71;2;2;;Left foot;Won
jeudi 23 août 2012;;FC Barcelona;Real Madrid;Real Madrid;70;2;1;Penalty;Left foot;Won
mardi 3 avril 2012;Champions League;FC Barcelona;AC Milan;AC Milan;41;2;1;Penalty;Left foot;Won
mardi 3 avril 2012;Champions League;FC Barcelona;AC Milan;AC Milan;11;1;0;Penalty;Left foot;Won
mercredi 7 mars 2012;Champions League;FC Barcelona;Bayer Leverkusen;Bayer Leverkusen;84;7;0;;Left foot;Won
mercredi 7 mars 2012;Champions League;FC Barcelona;Bayer Leverkusen;Bayer Leverkusen;58;5;0;Rebound;Left foot;Won
mercredi 7 mars 2012;Champions League;FC Barcelona;Bayer Leverkusen;Bayer Leverkusen;42;2;0;;Left foot;Won
mercredi 7 mars 2012;Champions League;FC Barcelona;Bayer Leverkusen;Bayer Leverkusen;25;1;0;;Left foot;Won
mercredi 4 janvier 2012;;FC Barcelona;Osasuna;Osasuna;90+2;4;0;;Left foot;Won
vendredi 26 août 2011;;FC Barcelona;FC Porto;FC Porto;39;1;0;;Left foot;Won
mercredi 17 août 2011;;FC Barcelona;Real Madrid;Real Madrid;87;3;2;Field goal;Left foot;Won
samedi 28 mai 2011;Champions League;FC Barcelona;Manchester United;Manchester United;54;2;1;;Left foot;Won
mardi 8 mars 2011;Champions League;FC Barcelona;Arsenal;Arsenal;71;3;1;Penalty;Left foot;Won
mardi 8 mars 2011;Champions League;FC Barcelona;Arsenal;Arsenal;45+3;1;0;Field goal;Left foot;Won
mercredi 26 janvier 2011;;FC Barcelona;UD Almería;UD Almería;16;3;0;;Left foot;Won
mercredi 26 janvier 2011;;FC Barcelona;UD Almería;UD Almería;9;1;0;;Left foot;Won
mercredi 12 janvier 2011;;FC Barcelona;Real Betis;Real Betis;73;3;0;;Left foot;Won
mercredi 12 janvier 2011;;FC Barcelona;Real Betis;Real Betis;62;2;0;Rebound;Left foot;Won
mercredi 12 janvier 2011;;FC Barcelona;Real Betis;Real Betis;44;1;0;;Left foot;Won
mercredi 10 novembre 2010;;FC Barcelona;AD Ceuta;AD Ceuta;68;5;1;;Left foot;Won
mercredi 20 octobre 2010;Champions League;FC Barcelona;FC Copenhagen;FC Copenhagen;90+2;2;0;;Left foot;Won
mercredi 20 octobre 2010;Champions League;FC Barcelona;FC Copenhagen;FC Copenhagen;19;1;0;;Left foot;Won
mardi 14 septembre 2010;Champions League;FC Barcelona;Panathinaikos;Panathinaikos;45;3;1;;Left foot;Won
mardi 14 septembre 2010;Champions League;FC Barcelona;Panathinaikos;Panathinaikos;22;1;1;;Left foot;Won
samedi 21 août 2010;;FC Barcelona;Sevilla;Sevilla;90;4;0;;Left foot;Won
samedi 21 août 2010;;FC Barcelona;Sevilla;Sevilla;24;2;0;;Left foot;Won
mardi 6 avril 2010;Champions League;FC Barcelona;Arsenal;Arsenal;88;4;1;Rebound;Left foot;Won
mardi 6 avril 2010;Champions League;FC Barcelona;Arsenal;Arsenal;42;3;1;;Left foot;Won
mardi 6 avril 2010;Champions League;FC Barcelona;Arsenal;Arsenal;21;1;1;;Left foot;Won
mercredi 17 mars 2010;Champions League;FC Barcelona;VfB Stuttgart;VfB Stuttgart;60;3;0;;Left foot;Won
mercredi 17 mars 2010;Champions League;FC Barcelona;VfB Stuttgart;VfB Stuttgart;13;1;0;Solo run;Left foot;Won
mardi 10 novembre 2009;;FC Barcelona;Cultural Leonesa;Cultural Leonesa;64;4;0;;Left foot;Won
mardi 29 septembre 2009;Champions League;FC Barcelona;Dynamo Kyiv;Dynamo Kyiv;26;1;0;;Left foot;Won
dimanche 23 août 2009;;FC Barcelona;Athletic de Bilbao;Athletic de Bilbao;68;2;0;Penalty;Left foot;Won
mercredi 8 avril 2009;Champions League;FC Barcelona;Bayern München;Bayern München;9;1;0;;Left foot;Won
mercredi 11 mars 2009;Champions League;FC Barcelona;Olympique Lyon;Olympique Lyon;40;3;0;;Left foot;Won
mercredi 12 novembre 2008;;FC Barcelona;Benidorm;Benidorm;87;1;0;Rebound;Left foot;Won
mardi 4 novembre 2008;Champions League;FC Barcelona;FC Basel;FC Basel;62;1;0;;Left foot;Draw
mercredi 7 novembre 2007;Champions League;FC Barcelona;Glasgow Rangers;Glasgow Rangers;43;2;0;Rebound;Left foot;Won
mercredi 19 septembre 2007;Champions League;FC Barcelona;Olympique Lyon;Olympique Lyon;83;2;0;;Left foot;Won
mercredi 18 avril 2007;;FC Barcelona;Getafe;Getafe;45;3;0;;Left foot;Won
mercredi 2 novembre 2005;Champions League;FC Barcelona;Panathinaikos;Panathinaikos;34;3;0;;Left foot;Won
mardi 26 juin 2018;World Cup;Nigeria;Nigeria;Argentina;14;0;1;Field goal;Right foot;Won
mardi 29 mai 2018;;Argentina;Haiti;Haiti;66;3;0;Field goal;Left foot;Won
mardi 29 mai 2018;;Argentina;Haiti;Haiti;58;2;0;Rebound;Right foot;Won
mardi 29 mai 2018;;Argentina;Haiti;Haiti;17;1;0;Penalty;Left foot;Won
mardi 10 octobre 2017;;Ecuador;Ecuador;Argentina;63;1;3;Field goal;Left foot;Won
mardi 10 octobre 2017;;Ecuador;Ecuador;Argentina;20;1;2;Field goal;Left foot;Won
mardi 10 octobre 2017;;Ecuador;Ecuador;Argentina;12;1;1;Field goal;Left foot;Won
jeudi 23 mars 2017;;Argentina;Chile;Chile;16;1;0;Penalty;Left foot;Won
mardi 15 novembre 2016;;Argentina;Colombia;Colombia;10;1;0;Free kick;Left foot;Won
jeudi 1 septembre 2016;;Argentina;Uruguay;Uruguay;43;1;0;Field goal;Left foot;Won
mardi 21 juin 2016;Copa America;United States;United States;Argentina;32;0;2;Free kick;Left foot;Won
samedi 18 juin 2016;Copa America;Argentina;Venezuela;Venezuela;60;3;0;Field goal;Left foot;Won
vendredi 10 juin 2016;Copa America;Argentina;Panama;Panama;87;4;0;Field goal;Left foot;Won
vendredi 10 juin 2016;Copa America;Argentina;Panama;Panama;78;3;0;Free kick;Left foot;Won
vendredi 10 juin 2016;Copa America;Argentina;Panama;Panama;68;2;0;Field goal;Left foot;Won
mardi 29 mars 2016;;Argentina;Bolivia;Bolivia;30;2;0;Penalty;Left foot;Won
mardi 8 septembre 2015;;Argentina;Mexico;Mexico;88;2;2;Field goal;Left foot;Draw
vendredi 4 septembre 2015;;Argentina;Bolivia;Bolivia;74;6;0;Field goal;Left foot;Won
vendredi 4 septembre 2015;;Argentina;Bolivia;Bolivia;66;5;0;Field goal;Head;Won
samedi 13 juin 2015;Copa America;Argentina;Paraguay;Paraguay;35;2;0;Penalty;Left foot;Draw
mercredi 12 novembre 2014;;Argentina;Croatia;Croatia;57;2;1;Penalty;Left foot;Won
mardi 14 octobre 2014;;Hong Kong;Hong Kong;Argentina;84;0;7;Solo run;Left foot;Won
mardi 14 octobre 2014;;Hong Kong;Hong Kong;Argentina;66;0;5;;Left foot;Won
mercredi 25 juin 2014;World Cup;Nigeria;Nigeria;Argentina;45+1;1;2;Free kick;Left foot;Won
mercredi 25 juin 2014;World Cup;Nigeria;Nigeria;Argentina;3;0;1;Rebound;Left foot;Won
samedi 21 juin 2014;World Cup;Argentina;Iran;Iran;90+1;1;0;;Left foot;Won
lundi 16 juin 2014;World Cup;Argentina;Bosnia-Herzegovina;Bosnia-Herzegovina;65;2;0;Solo run;Left foot;Won
samedi 7 juin 2014;;Argentina;Slovenia;Slovenia;75;2;0;Field goal;Left foot;Won
mercredi 11 septembre 2013;;Paraguay;Paraguay;Argentina;52;1;4;Penalty;Left foot;Won
mercredi 11 septembre 2013;;Paraguay;Paraguay;Argentina;12;0;1;Penalty;Left foot;Won
samedi 15 juin 2013;;Guatemala;Guatemala;Argentina;49;0;4;Field goal;Left foot;Won
samedi 15 juin 2013;;Guatemala;Guatemala;Argentina;40;0;3;Penalty;Left foot;Won
samedi 15 juin 2013;;Guatemala;Guatemala;Argentina;15;0;1;Field goal;Left foot;Won
samedi 23 mars 2013;;Argentina;Venezuela;Venezuela;44;2;0;Penalty;Left foot;Won
mercredi 17 octobre 2012;;Chile;Chile;Argentina;28;0;1;;Left foot;Won
samedi 13 octobre 2012;;Argentina;Uruguay;Uruguay;80;3;0;Free kick;Left foot;Won
samedi 13 octobre 2012;;Argentina;Uruguay;Uruguay;65;1;0;;Right foot;Won
samedi 8 septembre 2012;;Argentina;Paraguay;Paraguay;63;3;1;Free kick;Left foot;Won
mercredi 15 août 2012;;Germany;Germany;Argentina;52;0;2;;Left foot;Won
samedi 9 juin 2012;;Argentina;Brazil;Brazil;85;4;3;Solo run;Left foot;Won
samedi 9 juin 2012;;Argentina;Brazil;Brazil;35;2;1;;Left foot;Won
samedi 9 juin 2012;;Argentina;Brazil;Brazil;31;1;1;;Left foot;Won
dimanche 3 juin 2012;;Argentina;Ecuador;Ecuador;31;3;0;Field goal;Left foot;Won
mercredi 29 février 2012;;Switzerland;Switzerland;Argentina;90+3;1;3;Penalty;Left foot;Won
mercredi 29 février 2012;;Switzerland;Switzerland;Argentina;88;1;2;;Left foot;Won
mercredi 29 février 2012;;Switzerland;Switzerland;Argentina;20;0;1;;Left foot;Won
mardi 15 novembre 2011;;Colombia;Colombia;Argentina;60;1;1;Rebound;Left foot;Won
samedi 8 octobre 2011;;Argentina;Chile;Chile;26;2;0;Field goal;Left foot;Won
lundi 20 juin 2011;;Argentina;Albania;Albania;42;2;0;Field goal;Left foot;Won
mercredi 9 février 2011;;Argentina;Portugal;Portugal;90;2;1;Penalty;Left foot;Won
mercredi 17 novembre 2010;;Argentina;Brazil;Brazil;90+2;1;0;Solo run;Left foot;Won
mardi 7 septembre 2010;;Argentina;Spain;Spain;10;1;0;Field goal;Left foot;Won
samedi 14 novembre 2009;;Spain;Spain;Argentina;61;1;1;Penalty;Left foot;Lost
samedi 28 mars 2009;;Argentina;Venezuela;Venezuela;26;1;0;;Left foot;Won
mercredi 11 février 2009;;France;France;Argentina;83;0;2;Solo run;Left foot;Won
samedi 11 octobre 2008;;Argentina;Uruguay;Uruguay;6;1;0;;Head;Won
jeudi 5 juin 2008;;Mexico;Mexico;Argentina;18;0;2;;Left foot;Won
mercredi 21 novembre 2007;;Colombia;Colombia;Argentina;36;0;1;Solo run;Left foot;Lost
mercredi 17 octobre 2007;;Venezuela;Venezuela;Argentina;43;0;2;;Left foot;Won
jeudi 12 juillet 2007;Copa America;Mexico;Mexico;Argentina;61;0;2;;Left foot;Won
lundi 9 juillet 2007;Copa America;Argentina;Peru;Peru;61;2;0;;Left foot;Won
mardi 5 juin 2007;;Argentina;Algeria;Algeria;73;4;2;;Left foot;Won
mardi 5 juin 2007;;Argentina;Algeria;Algeria;54;2;2;Penalty;Left foot;Won
vendredi 16 juin 2006;World Cup;Argentina;Serbia and Montenegro;Serbia and Montenegro;88;6;0;;Right foot;Won
mercredi 1 mars 2006;;Croatia;Croatia;Argentina;6;1;2;;Left foot;Lost
mercredi 28 novembre 2018;Champions League;PSV Eindhoven;PSV Eindhoven;FC Barcelona;61;0;1;Field goal;Left foot;Won
mercredi 3 octobre 2018;Champions League;Tottenham Hotspur F.C.;Tottenham Hotspur F.C.;FC Barcelona;90;2;4;Field goal;Left foot;Won
mercredi 3 octobre 2018;Champions League;Tottenham Hotspur F.C.;Tottenham Hotspur F.C.;FC Barcelona;56;1;3;Field goal;Left foot;Won
samedi 21 avril 2018;;Sevilla;Sevilla;FC Barcelona;31;0;2;Field goal;Left foot;Won
mardi 20 février 2018;Champions League;Chelsea;Chelsea;FC Barcelona;75;1;1;Field goal;Left foot;Draw
mercredi 1 février 2017;;Atlético Madrid;Atlético Madrid;FC Barcelona;33;0;2;Field goal;Left foot;Won
jeudi 5 janvier 2017;;Athletic de Bilbao;Athletic de Bilbao;FC Barcelona;52;2;1;Free kick;Left foot;Lost
mercredi 23 novembre 2016;Champions League;Celtic;Celtic;FC Barcelona;55;0;2;Penalty;Left foot;Won
mercredi 23 novembre 2016;Champions League;Celtic;Celtic;FC Barcelona;24;0;1;Field goal;Left foot;Won
mardi 1 novembre 2016;Champions League;Manchester City;Manchester City;FC Barcelona;21;0;1;Field goal;Left foot;Lost
mardi 23 février 2016;Champions League;Arsenal;Arsenal;FC Barcelona;83;0;2;Penalty;Left foot;Won
mardi 23 février 2016;Champions League;Arsenal;Arsenal;FC Barcelona;71;0;1;Field goal;Left foot;Won
dimanche 20 décembre 2015;;CA River Plate;CA River Plate;FC Barcelona;36;0;1;Field goal;Left foot;Won
mercredi 9 décembre 2015;Champions League;Bayer Leverkusen;Bayer Leverkusen;FC Barcelona;20;0;1;Field goal;Right foot;Draw
samedi 30 mai 2015;;Athletic de Bilbao;Athletic de Bilbao;FC Barcelona;74;0;3;;Left foot;Won
samedi 30 mai 2015;;Athletic de Bilbao;Athletic de Bilbao;FC Barcelona;20;0;1;Solo run;Left foot;Won
mardi 25 novembre 2014;Champions League;APOEL FC;APOEL FC;FC Barcelona;87;0;4;;Right foot;Won
mardi 25 novembre 2014;Champions League;APOEL FC;APOEL FC;FC Barcelona;58;0;3;;Right foot;Won
mardi 25 novembre 2014;Champions League;APOEL FC;APOEL FC;FC Barcelona;38;0;2;;Right foot;Won
mercredi 5 novembre 2014;Champions League;Ajax;Ajax;FC Barcelona;76;0;2;;Left foot;Won
mercredi 5 novembre 2014;Champions League;Ajax;Ajax;FC Barcelona;36;0;1;;Head;Won
mardi 30 septembre 2014;Champions League;Paris Saint-Germain;Paris Saint-Germain;FC Barcelona;11;1;1;;Left foot;Lost
mardi 18 février 2014;Champions League;Manchester City;Manchester City;FC Barcelona;54;0;1;Penalty;Left foot;Won
mercredi 12 février 2014;;Real Sociedad;Real Sociedad;FC Barcelona;27;0;1;Solo run;Left foot;Draw
jeudi 16 janvier 2014;;Getafe;Getafe;FC Barcelona;63;0;2;Field goal;Left foot;Won
jeudi 16 janvier 2014;;Getafe;Getafe;FC Barcelona;44;0;1;Field goal;Hip;Won
mardi 22 octobre 2013;Champions League;AC Milan;AC Milan;FC Barcelona;23;1;1;;Left foot;Draw
mardi 2 avril 2013;Champions League;Paris Saint-Germain;Paris Saint-Germain;FC Barcelona;38;0;1;;Left foot;Draw
jeudi 24 janvier 2013;;Málaga;Málaga;FC Barcelona;80;2;4;;Head;Won
mercredi 12 décembre 2012;;Córdoba;Córdoba;FC Barcelona;74;0;2;;Left foot;Won
mercredi 12 décembre 2012;;Córdoba;Córdoba;FC Barcelona;11;0;1;;Left foot;Won
mardi 20 novembre 2012;Champions League;Spartak Moscow;Spartak Moscow;FC Barcelona;39;0;3;;Left foot;Won
mardi 20 novembre 2012;Champions League;Spartak Moscow;Spartak Moscow;FC Barcelona;27;0;2;Rebound;Right foot;Won
mercredi 7 novembre 2012;Champions League;Celtic;Celtic;FC Barcelona;90+1;2;1;Rebound;Left foot;Lost
mercredi 29 août 2012;;Real Madrid;Real Madrid;FC Barcelona;45;2;1;Free kick;Left foot;Lost
vendredi 25 mai 2012;;Athletic de Bilbao;Athletic de Bilbao;FC Barcelona;20;0;2;;Right foot;Won
mardi 14 février 2012;Champions League;Bayer Leverkusen;Bayer Leverkusen;FC Barcelona;88;1;3;Field goal;Left foot;Won
dimanche 18 décembre 2011;;Santos;Santos;FC Barcelona;82;0;4;;Left foot;Won
dimanche 18 décembre 2011;;Santos;Santos;FC Barcelona;17;0;1;;Left foot;Won
mercredi 23 novembre 2011;Champions League;AC Milan;AC Milan;FC Barcelona;31;1;2;Penalty;Left foot;Won
mardi 1 novembre 2011;Champions League;Viktoria Plzen;Viktoria Plzen;FC Barcelona;90+2;0;4;;Left foot;Won
mardi 1 novembre 2011;Champions League;Viktoria Plzen;Viktoria Plzen;FC Barcelona;45;0;2;;Left foot;Won
mardi 1 novembre 2011;Champions League;Viktoria Plzen;Viktoria Plzen;FC Barcelona;24;0;1;Penalty;Left foot;Won
mercredi 28 septembre 2011;Champions League;BATE Borisov;BATE Borisov;FC Barcelona;55;0;4;;Left foot;Won
mercredi 28 septembre 2011;Champions League;BATE Borisov;BATE Borisov;FC Barcelona;38;0;3;;Head;Won
dimanche 14 août 2011;;Real Madrid;Real Madrid;FC Barcelona;45;1;2;;Left foot;Draw
mercredi 27 avril 2011;Champions League;Real Madrid;Real Madrid;FC Barcelona;87;0;2;Solo run;Right foot;Won
mercredi 27 avril 2011;Champions League;Real Madrid;Real Madrid;FC Barcelona;76;0;1;Field goal;Left foot;Won
mardi 12 avril 2011;Champions League;Shakhtar Donetsk;Shakhtar Donetsk;FC Barcelona;43;0;1;;Left foot;Won
mercredi 19 janvier 2011;;Real Betis;Real Betis;FC Barcelona;38;2;1;;Left foot;Lost
mercredi 24 novembre 2010;Champions League;Panathinaikos;Panathinaikos;FC Barcelona;62;0;2;;Left foot;Won
mardi 2 novembre 2010;Champions League;FC Copenhagen;FC Copenhagen;FC Barcelona;31;0;1;;Right foot;Draw
samedi 19 décembre 2009;;Estudiantes La Plata;Estudiantes La Plata;FC Barcelona;110;1;2;;Chest;Won
mercredi 16 décembre 2009;;Atlante;Atlante;FC Barcelona;55;1;2;;Left foot;Won
mercredi 9 décembre 2009;Champions League;Dynamo Kyiv;Dynamo Kyiv;FC Barcelona;86;1;2;Free kick;Left foot;Won
mercredi 13 mai 2009;;Athletic de Bilbao;Athletic de Bilbao;FC Barcelona;55;1;2;;Left foot;Won
mercredi 4 mars 2009;;Real Mallorca;Real Mallorca;FC Barcelona;81;1;1;;Left foot;Draw
mardi 6 janvier 2009;;Atlético Madrid;Atlético Madrid;FC Barcelona;80;1;3;;Right foot;Won
mardi 6 janvier 2009;;Atlético Madrid;Atlético Madrid;FC Barcelona;57;0;2;Penalty;Left foot;Won
mardi 6 janvier 2009;;Atlético Madrid;Atlético Madrid;FC Barcelona;13;0;1;;Left foot;Won
mercredi 26 novembre 2008;Champions League;Sporting Lisbon;Sporting Lisbon;FC Barcelona;49;0;3;;Left foot;Won
mercredi 22 octobre 2008;Champions League;FC Basel;FC Basel;FC Barcelona;4;0;1;;Left foot;Won
mercredi 1 octobre 2008;Champions League;Shakhtar Donetsk;Shakhtar Donetsk;FC Barcelona;90+4;1;2;;Left foot;Won
mercredi 1 octobre 2008;Champions League;Shakhtar Donetsk;Shakhtar Donetsk;FC Barcelona;87;1;1;Rebound;Right foot;Won
mercredi 20 février 2008;Champions League;Celtic;Celtic;FC Barcelona;79;2;3;;Left foot;Won
mercredi 20 février 2008;Champions League;Celtic;Celtic;FC Barcelona;18;1;1;;Left foot;Won
mardi 27 novembre 2007;Champions League;Olympique Lyon;Olympique Lyon;FC Barcelona;58;1;2;Penalty;Left foot;Draw
mardi 2 octobre 2007;Champions League;VfB Stuttgart;VfB Stuttgart;FC Barcelona;67;0;2;;Right foot;Won
mercredi 27 septembre 2006;Champions League;Werder Bremen;Werder Bremen;FC Barcelona;89;1;1;;Left foot;Draw
samedi 23 février 2019;Liga;Sevilla;Sevilla;FC Barcelona;85;2;3;Field goal;Left foot;Won
samedi 23 février 2019;Liga;Sevilla;Sevilla;FC Barcelona;67;2;2;Field goal;Right foot;Won
samedi 23 février 2019;Liga;Sevilla;Sevilla;FC Barcelona;26;1;1;Field goal;Left foot;Won
dimanche 7 octobre 2018;Liga;Valencia;Valencia;FC Barcelona;23;1;1;Field goal;Left foot;Draw
dimanche 29 avril 2018;Liga;Deportivo La Coruña;Deportivo La Coruña;FC Barcelona;85;2;4;Field goal;Left foot;Won
dimanche 29 avril 2018;Liga;Deportivo La Coruña;Deportivo La Coruña;FC Barcelona;82;2;3;Field goal;Right foot;Won
samedi 31 mars 2018;Liga;Sevilla;Sevilla;FC Barcelona;89;2;2;Field goal;Left foot;Draw
dimanche 14 janvier 2018;Liga;Real Sociedad;Real Sociedad;FC Barcelona;85;2;4;Free kick;Left foot;Won
dimanche 23 avril 2017;Liga;Real Madrid;Real Madrid;FC Barcelona;90+2;2;3;Field goal;Left foot;Won
dimanche 23 avril 2017;Liga;Real Madrid;Real Madrid;FC Barcelona;33;1;1;Field goal;Left foot;Won
dimanche 26 février 2017;Liga;Atlético Madrid;Atlético Madrid;FC Barcelona;87;1;2;Rebound;Left foot;Won
dimanche 8 janvier 2017;Liga;Villarreal;Villarreal;FC Barcelona;90;1;1;Free kick;Left foot;Draw
dimanche 27 novembre 2016;Liga;Real Sociedad;Real Sociedad;FC Barcelona;59;1;1;Field goal;Left foot;Draw
dimanche 6 novembre 2016;Liga;Sevilla;Sevilla;FC Barcelona;43;1;1;Field goal;Left foot;Won
samedi 22 octobre 2016;Liga;Valencia;Valencia;FC Barcelona;90+4;2;3;Penalty;Left foot;Won
jeudi 3 mars 2016;Liga;Rayo Vallecano;Rayo Vallecano;FC Barcelona;72;1;4;Field goal;Left foot;Won
mercredi 17 février 2016;Liga;Sporting Gijón;Sporting Gijón;FC Barcelona;31;1;2;Field goal;Left foot;Won
samedi 23 janvier 2016;Liga;Málaga;Málaga;FC Barcelona;51;1;2;Field goal;Left foot;Won
samedi 12 septembre 2015;Liga;Atlético Madrid;Atlético Madrid;FC Barcelona;77;1;2;Field goal;Left foot;Won
samedi 28 février 2015;Liga;Granada;Granada;FC Barcelona;70;1;3;;Right foot;Won
dimanche 27 avril 2014;Liga;Villarreal;Villarreal;FC Barcelona;83;2;3;;Right foot;Won
dimanche 23 mars 2014;Liga;Real Madrid;Real Madrid;FC Barcelona;84;3;4;Penalty;Left foot;Won
dimanche 23 mars 2014;Liga;Real Madrid;Real Madrid;FC Barcelona;65;3;3;Penalty;Left foot;Won
dimanche 23 mars 2014;Liga;Real Madrid;Real Madrid;FC Barcelona;42;2;2;;Left foot;Won
samedi 22 février 2014;Liga;Real Sociedad;Real Sociedad;FC Barcelona;36;1;1;;Left foot;Lost
dimanche 9 février 2014;Liga;Sevilla;Sevilla;FC Barcelona;56;1;3;;Left foot;Won
dimanche 9 février 2014;Liga;Sevilla;Sevilla;FC Barcelona;44;1;2;;Left foot;Won
samedi 27 avril 2013;Liga;Athletic de Bilbao;Athletic de Bilbao;FC Barcelona;67;1;1;Solo run;Left foot;Draw
samedi 30 mars 2013;Liga;Celta de Vigo;Celta de Vigo;FC Barcelona;73;1;2;;Left foot;Draw
samedi 2 mars 2013;Liga;Real Madrid;Real Madrid;FC Barcelona;18;1;1;;Left foot;Lost
samedi 16 février 2013;Liga;Granada;Granada;FC Barcelona;73;1;2;Free kick;Left foot;Won
samedi 16 février 2013;Liga;Granada;Granada;FC Barcelona;50;1;1;Rebound;Right foot;Won
dimanche 3 février 2013;Liga;Valencia;Valencia;FC Barcelona;39;1;1;Penalty;Left foot;Draw
dimanche 11 novembre 2012;Liga;Real Mallorca;Real Mallorca;FC Barcelona;70;2;4;;Left foot;Won
samedi 20 octobre 2012;Liga;Deportivo La Coruña;Deportivo La Coruña;FC Barcelona;77;3;5;;Left foot;Won
samedi 20 octobre 2012;Liga;Deportivo La Coruña;Deportivo La Coruña;FC Barcelona;43;2;4;;Right foot;Won
dimanche 26 août 2012;Liga;Osasuna;Osasuna;FC Barcelona;80;1;2;;Left foot;Won
dimanche 26 août 2012;Liga;Osasuna;Osasuna;FC Barcelona;76;1;1;;Left foot;Won
samedi 14 avril 2012;Liga;Levante;Levante;FC Barcelona;72;1;2;Penalty;Left foot;Won
samedi 14 avril 2012;Liga;Levante;Levante;FC Barcelona;64;1;1;Field goal;Left foot;Won
samedi 7 avril 2012;Liga;Real Zaragoza;Real Zaragoza;FC Barcelona;86;1;3;Penalty;Left foot;Won
samedi 7 avril 2012;Liga;Real Zaragoza;Real Zaragoza;FC Barcelona;39;1;2;;Left foot;Won
dimanche 26 février 2012;Liga;Atlético Madrid;Atlético Madrid;FC Barcelona;81;1;2;Free kick;Left foot;Won
dimanche 6 novembre 2011;Liga;Athletic de Bilbao;Athletic de Bilbao;FC Barcelona;90+1;2;2;Rebound;Left foot;Draw
samedi 1 mai 2010;Liga;Villarreal;Villarreal;FC Barcelona;88;1;4;;Left foot;Won
samedi 6 mars 2010;Liga;UD Almería;UD Almería;FC Barcelona;66;2;2;;Left foot;Draw
samedi 6 mars 2010;Liga;UD Almería;UD Almería;FC Barcelona;42;1;1;Free kick;Left foot;Draw
samedi 5 décembre 2009;Liga;Deportivo La Coruña;Deportivo La Coruña;FC Barcelona;80;1;2;;Head;Won
samedi 2 mai 2009;Liga;Real Madrid;Real Madrid;FC Barcelona;75;2;5;;Left foot;Won
samedi 2 mai 2009;Liga;Real Madrid;Real Madrid;FC Barcelona;36;1;3;;Left foot;Won
dimanche 1 février 2009;Liga;Racing Santander;Racing Santander;FC Barcelona;81;1;2;;Right foot;Won
dimanche 1 février 2009;Liga;Racing Santander;Racing Santander;FC Barcelona;65;1;1;Rebound;Right foot;Won
dimanche 11 janvier 2009;Liga;Osasuna;Osasuna;FC Barcelona;85;2;3;;Left foot;Won
samedi 1 novembre 2008;Liga;Málaga;Málaga;FC Barcelona;19;1;2;;Left foot;Won
samedi 27 septembre 2008;Liga;Espanyol;Espanyol;FC Barcelona;90+7;1;2;Penalty;Left foot;Won
dimanche 21 septembre 2008;Liga;Sporting Gijón;Sporting Gijón;FC Barcelona;89;1;6;Field goal;Head;Won
dimanche 21 septembre 2008;Liga;Sporting Gijón;Sporting Gijón;FC Barcelona;85;1;5;Field goal;Left foot;Won
lundi 28 août 2006;Liga;Celta de Vigo;Celta de Vigo;FC Barcelona;60;1;2;;Left foot;Won
dimanche 16 décembre 2018;Liga;Levante;Levante;FC Barcelona;43;0;2;Field goal;Right foot;Won
samedi 2 mai 2015;Liga;Córdoba;Córdoba;FC Barcelona;46;0;3;;Head;Won
samedi 14 mars 2015;Liga;Eibar;Eibar;FC Barcelona;55;0;2;;Head;Won
dimanche 18 janvier 2015;Liga;Deportivo La Coruña;Deportivo La Coruña;FC Barcelona;10;0;1;;Head;Won
dimanche 21 septembre 2014;Liga;Levante;Levante;FC Barcelona;77;0;5;;Right foot;Won
dimanche 1 septembre 2013;Liga;Valencia;Valencia;FC Barcelona;39;0;2;;Right foot;Won
dimanche 13 janvier 2013;Liga;Málaga;Málaga;FC Barcelona;27;0;1;;Right foot;Won
samedi 27 octobre 2012;Liga;Rayo Vallecano;Rayo Vallecano;FC Barcelona;89;0;5;;Right foot;Won
dimanche 22 janvier 2012;Liga;Málaga;Málaga;FC Barcelona;33;0;1;;Head;Won
samedi 26 février 2011;Liga;Real Mallorca;Real Mallorca;FC Barcelona;38;0;1;;Head;Won
dimanche 29 août 2010;Liga;Racing Santander;Racing Santander;FC Barcelona;3;0;1;;Right foot;Won
samedi 10 avril 2010;Liga;Real Madrid;Real Madrid;FC Barcelona;33;0;1;;Right foot;Won
dimanche 21 mars 2010;Liga;Real Zaragoza;Real Zaragoza;FC Barcelona;5;0;1;;Head;Won
dimanche 10 janvier 2010;Liga;Tenerife;Tenerife;FC Barcelona;45;0;3;;Right foot;Won
samedi 12 septembre 2009;Liga;Getafe;Getafe;FC Barcelona;80;0;2;;Head;Won
dimanche 29 janvier 2006;Liga;Real Mallorca;Real Mallorca;FC Barcelona;75;0;2;;Right foot;Won
dimanche 27 janvier 2019;Liga;Girona;Girona;FC Barcelona;68;0;2;Field goal;Left foot;Won
dimanche 6 janvier 2019;Liga;Getafe;Getafe;FC Barcelona;20;0;1;Field goal;Left foot;Won
dimanche 16 décembre 2018;Liga;Levante;Levante;FC Barcelona;60;0;4;Field goal;Left foot;Won
dimanche 16 décembre 2018;Liga;Levante;Levante;FC Barcelona;47;0;3;Field goal;Left foot;Won
samedi 8 décembre 2018;Liga;Espanyol;Espanyol;FC Barcelona;65;0;4;Free kick;Left foot;Won
samedi 8 décembre 2018;Liga;Espanyol;Espanyol;FC Barcelona;18;0;1;Free kick;Left foot;Won
dimanche 29 avril 2018;Liga;Deportivo La Coruña;Deportivo La Coruña;FC Barcelona;38;0;2;Field goal;Left foot;Won
jeudi 1 mars 2018;Liga;Las Palmas;Las Palmas;FC Barcelona;21;0;1;Free kick;Left foot;Draw
dimanche 21 janvier 2018;Liga;Real Betis;Real Betis;FC Barcelona;80;0;4;Solo run;Left foot;Won
dimanche 21 janvier 2018;Liga;Real Betis;Real Betis;FC Barcelona;64;0;2;Field goal;Left foot;Won
samedi 23 décembre 2017;Liga;Real Madrid;Real Madrid;FC Barcelona;64;0;2;Penalty;Left foot;Won
dimanche 10 décembre 2017;Liga;Villarreal;Villarreal;FC Barcelona;83;0;2;Field goal;Left foot;Won
samedi 28 octobre 2017;Liga;Athletic de Bilbao;Athletic de Bilbao;FC Barcelona;36;0;1;Field goal;Left foot;Won
samedi 26 août 2017;Liga;Alavés;Alavés;FC Barcelona;66;0;2;Field goal;Left foot;Won
samedi 26 août 2017;Liga;Alavés;Alavés;FC Barcelona;55;0;1;Field goal;Left foot;Won
samedi 11 février 2017;Liga;Alavés;Alavés;FC Barcelona;59;0;3;Field goal;Left foot;Won
dimanche 22 janvier 2017;Liga;Eibar;Eibar;FC Barcelona;50;0;2;Field goal;Left foot;Won
samedi 10 décembre 2016;Liga;Osasuna;Osasuna;FC Barcelona;90+2;0;3;Solo run;Left foot;Won
samedi 10 décembre 2016;Liga;Osasuna;Osasuna;FC Barcelona;72;0;2;Field goal;Left foot;Won
samedi 22 octobre 2016;Liga;Valencia;Valencia;FC Barcelona;22;0;1;Field goal;Left foot;Won
samedi 17 septembre 2016;Liga;Leganés;Leganés;FC Barcelona;55;0;4;Penalty;Left foot;Won
samedi 17 septembre 2016;Liga;Leganés;Leganés;FC Barcelona;15;0;1;Field goal;Left foot;Won
mercredi 20 avril 2016;Liga;Deportivo La Coruña;Deportivo La Coruña;FC Barcelona;73;0;6;Field goal;Left foot;Won
dimanche 6 mars 2016;Liga;Eibar;Eibar;FC Barcelona;76;0;3;Penalty;Left foot;Won
dimanche 6 mars 2016;Liga;Eibar;Eibar;FC Barcelona;41;0;2;Field goal;Left foot;Won
jeudi 3 mars 2016;Liga;Rayo Vallecano;Rayo Vallecano;FC Barcelona;54;0;3;Rebound;Left foot;Won
jeudi 3 mars 2016;Liga;Rayo Vallecano;Rayo Vallecano;FC Barcelona;23;0;2;Field goal;Left foot;Won
mercredi 17 février 2016;Liga;Sporting Gijón;Sporting Gijón;FC Barcelona;25;0;1;Field goal;Left foot;Won
dimanche 17 mai 2015;Liga;Atlético Madrid;Atlético Madrid;FC Barcelona;65;0;1;;Left foot;Won
samedi 2 mai 2015;Liga;Córdoba;Córdoba;FC Barcelona;80;0;6;Rebound;Left foot;Won
samedi 25 avril 2015;Liga;Espanyol;Espanyol;FC Barcelona;25;0;2;;Left foot;Won
samedi 11 avril 2015;Liga;Sevilla;Sevilla;FC Barcelona;14;0;1;;Left foot;Draw
samedi 14 mars 2015;Liga;Eibar;Eibar;FC Barcelona;31;0;1;Penalty;Left foot;Won
dimanche 8 février 2015;Liga;Athletic de Bilbao;Athletic de Bilbao;FC Barcelona;15;0;1;Free kick;Left foot;Won
samedi 24 janvier 2015;Liga;Elche;Elche;FC Barcelona;88;0;5;;Left foot;Won
samedi 24 janvier 2015;Liga;Elche;Elche;FC Barcelona;55;0;2;Penalty;Left foot;Won
dimanche 18 janvier 2015;Liga;Deportivo La Coruña;Deportivo La Coruña;FC Barcelona;62;0;3;;Left foot;Won
dimanche 18 janvier 2015;Liga;Deportivo La Coruña;Deportivo La Coruña;FC Barcelona;33;0;2;;Left foot;Won
samedi 4 octobre 2014;Liga;Rayo Vallecano;Rayo Vallecano;FC Barcelona;35;0;1;;Left foot;Won
samedi 29 mars 2014;Liga;Espanyol;Espanyol;FC Barcelona;77;0;1;Penalty;Left foot;Won
samedi 28 septembre 2013;Liga;UD Almería;UD Almería;FC Barcelona;21;0;1;;Left foot;Won
dimanche 1 septembre 2013;Liga;Valencia;Valencia;FC Barcelona;41;0;3;;Left foot;Won
dimanche 1 septembre 2013;Liga;Valencia;Valencia;FC Barcelona;11;0;1;;Left foot;Won
samedi 19 janvier 2013;Liga;Real Sociedad;Real Sociedad;FC Barcelona;7;0;1;;Left foot;Lost
samedi 22 décembre 2012;Liga;Real Valladolid;Real Valladolid;FC Barcelona;59;0;2;;Left foot;Won
dimanche 9 décembre 2012;Liga;Real Betis;Real Betis;FC Barcelona;25;0;2;;Left foot;Won
dimanche 9 décembre 2012;Liga;Real Betis;Real Betis;FC Barcelona;16;0;1;;Left foot;Won
dimanche 25 novembre 2012;Liga;Levante;Levante;FC Barcelona;52;0;2;;Left foot;Won
dimanche 25 novembre 2012;Liga;Levante;Levante;FC Barcelona;47;0;1;;Left foot;Won
dimanche 11 novembre 2012;Liga;Real Mallorca;Real Mallorca;FC Barcelona;44;0;2;;Left foot;Won
samedi 27 octobre 2012;Liga;Rayo Vallecano;Rayo Vallecano;FC Barcelona;48;0;2;;Left foot;Won
samedi 20 octobre 2012;Liga;Deportivo La Coruña;Deportivo La Coruña;FC Barcelona;18;0;3;;Left foot;Won
samedi 15 septembre 2012;Liga;Getafe;Getafe;FC Barcelona;78;0;3;;Left foot;Won
samedi 15 septembre 2012;Liga;Getafe;Getafe;FC Barcelona;74;0;2;Penalty;Left foot;Won
dimanche 29 avril 2012;Liga;Rayo Vallecano;Rayo Vallecano;FC Barcelona;90;0;7;;Left foot;Won
dimanche 29 avril 2012;Liga;Rayo Vallecano;Rayo Vallecano;FC Barcelona;16;0;1;;Left foot;Won
samedi 24 mars 2012;Liga;Real Mallorca;Real Mallorca;FC Barcelona;25;0;1;Free kick;Left foot;Won
samedi 17 mars 2012;Liga;Sevilla;Sevilla;FC Barcelona;25;0;2;;Left foot;Won
dimanche 11 mars 2012;Liga;Racing Santander;Racing Santander;FC Barcelona;56;0;2;Penalty;Left foot;Won
dimanche 11 mars 2012;Liga;Racing Santander;Racing Santander;FC Barcelona;29;0;1;;Left foot;Won
dimanche 22 janvier 2012;Liga;Málaga;Málaga;FC Barcelona;81;0;4;;Left foot;Won
dimanche 22 janvier 2012;Liga;Málaga;Málaga;FC Barcelona;51;0;3;;Left foot;Won
samedi 16 avril 2011;Liga;Real Madrid;Real Madrid;FC Barcelona;53;0;1;Penalty;Left foot;Draw
mercredi 2 mars 2011;Liga;Valencia;Valencia;FC Barcelona;77;0;1;;Left foot;Won
samedi 29 janvier 2011;Liga;Hercules Alicante;Hercules Alicante;FC Barcelona;89;0;3;;Left foot;Won
samedi 29 janvier 2011;Liga;Hercules Alicante;Hercules Alicante;FC Barcelona;87;0;2;;Left foot;Won
samedi 8 janvier 2011;Liga;Deportivo La Coruña;Deportivo La Coruña;FC Barcelona;52;0;2;Free kick;Left foot;Won
samedi 4 décembre 2010;Liga;Osasuna;Osasuna;FC Barcelona;83;0;3;Penalty;Left foot;Won
samedi 4 décembre 2010;Liga;Osasuna;Osasuna;FC Barcelona;65;0;2;;Left foot;Won
samedi 20 novembre 2010;Liga;UD Almería;UD Almería;FC Barcelona;67;0;7;Rebound;Left foot;Won
samedi 20 novembre 2010;Liga;UD Almería;UD Almería;FC Barcelona;37;0;5;Rebound;Left foot;Won
samedi 20 novembre 2010;Liga;UD Almería;UD Almería;FC Barcelona;17;0;1;Field goal;Left foot;Won
dimanche 7 novembre 2010;Liga;Getafe;Getafe;FC Barcelona;23;0;1;;Left foot;Won
samedi 23 octobre 2010;Liga;Real Zaragoza;Real Zaragoza;FC Barcelona;66;0;2;;Left foot;Won
samedi 23 octobre 2010;Liga;Real Zaragoza;Real Zaragoza;FC Barcelona;42;0;1;;Left foot;Won
dimanche 19 septembre 2010;Liga;Atlético Madrid;Atlético Madrid;FC Barcelona;13;0;1;;Left foot;Won
samedi 8 mai 2010;Liga;Sevilla;Sevilla;FC Barcelona;5;0;1;;Left foot;Won
samedi 1 mai 2010;Liga;Villarreal;Villarreal;FC Barcelona;19;0;1;;Left foot;Won
dimanche 21 mars 2010;Liga;Real Zaragoza;Real Zaragoza;FC Barcelona;78;0;3;;Left foot;Won
dimanche 21 mars 2010;Liga;Real Zaragoza;Real Zaragoza;FC Barcelona;66;0;2;Solo run;Left foot;Won
samedi 23 janvier 2010;Liga;Real Valladolid;Real Valladolid;FC Barcelona;56;0;3;;Left foot;Won
dimanche 10 janvier 2010;Liga;Tenerife;Tenerife;FC Barcelona;75;0;4;;Left foot;Won
dimanche 10 janvier 2010;Liga;Tenerife;Tenerife;FC Barcelona;36;0;1;;Left foot;Won
samedi 5 décembre 2009;Liga;Deportivo La Coruña;Deportivo La Coruña;FC Barcelona;27;0;1;;Left foot;Won
mardi 22 septembre 2009;Liga;Racing Santander;Racing Santander;FC Barcelona;63;0;4;;Left foot;Won
mardi 22 septembre 2009;Liga;Racing Santander;Racing Santander;FC Barcelona;24;0;2;;Left foot;Won
samedi 25 avril 2009;Liga;Valencia;Valencia;FC Barcelona;24;0;1;;Left foot;Draw
samedi 18 avril 2009;Liga;Getafe;Getafe;FC Barcelona;19;0;1;;Left foot;Won
dimanche 1 mars 2009;Liga;Atlético Madrid;Atlético Madrid;FC Barcelona;30;0;2;;Left foot;Lost
samedi 29 novembre 2008;Liga;Sevilla;Sevilla;FC Barcelona;90+2;0;3;;Left foot;Won
samedi 29 novembre 2008;Liga;Sevilla;Sevilla;FC Barcelona;78;0;2;;Left foot;Won
dimanche 16 novembre 2008;Liga;Recreativo Huelva;Recreativo Huelva;FC Barcelona;52;0;1;;Left foot;Won
samedi 29 septembre 2007;Liga;Levante;Levante;FC Barcelona;51;0;4;;Left foot;Won
dimanche 17 juin 2007;Liga;Gimnàstic;Gimnàstic;FC Barcelona;51;0;4;;Left foot;Won
dimanche 17 juin 2007;Liga;Gimnàstic;Gimnàstic;FC Barcelona;35;0;2;;Left foot;Won
dimanche 20 mai 2007;Liga;Atlético Madrid;Atlético Madrid;FC Barcelona;80;0;5;;Left foot;Won
dimanche 20 mai 2007;Liga;Atlético Madrid;Atlético Madrid;FC Barcelona;39;0;1;;Left foot;Won
samedi 17 mars 2007;Liga;Recreativo Huelva;Recreativo Huelva;FC Barcelona;86;0;4;;Left foot;Won
dimanche 29 janvier 2006;Liga;Real Mallorca;Real Mallorca;FC Barcelona;81;0;3;;Left foot;Won
